統計名：,家計調査 家計収支編 二人以上の世帯,,,,,,,,,,,,,,,,,,,,,
表番号：,10,,,,,,,,,,,,,,,,,,,,,
表題：,[品目分類] 品目分類（平成27年改定）（総数：金額）,,,,,,,,,,,,,,,,,,,,,
実施年月：,-,-,,,,,,,,,,,,,,,,,,,,
市区町村時点（年月日）：,-,,,,,,,,,,,,,,,,,,,,,
,,,,,,,,,,,,,,,,,,,,,,
***,調査又は集計していないもの,,,,,,,,,,,,,,,,,,,,,
-,該当数字がないもの,,,,,,,,,,,,,,,,,,,,,
X,数値が秘匿されているもの,,,,,,,,,,,,,,,,,,,,,
,,,,,,,,,,,,,,,,,,,,,,
,,,,,,,,,10800150,,11100030,,11100050,,11211080,,11211090,,30100000,,30200010,
表章項目 コード,表章項目,世帯区分 コード,世帯区分,地域区分 コード,地域区分,時間軸（月次） コード,時間軸（月次）,/品目分類（27年改定）,356 アイスクリーム・シャーベット【円】,注釈,3X4 ビール【円】,注釈,3X9 ワイン【円】,注釈,399 焼肉【円】,注釈,39B ハンバーガー【円】,注釈,3.1 電気代【円】,注釈,431 都市ガス【円】,注釈
1,金額,3,二人以上の世帯（2000年〜）,0,全国,2019000303,2019年3月,,542,,683,,305,,630,,446,,"13,526",,"4,491",
1,金額,3,二人以上の世帯（2000年〜）,0,全国,2019000202,2019年2月,,423,,584,,274,,507,,333,,"14,333",,"4,577",
1,金額,3,二人以上の世帯（2000年〜）,0,全国,2019000101,2019年1月,,494,,636,,273,,577,,387,,"12,926",,"4,202",
1,金額,3,二人以上の世帯（2000年〜）,0,全国,2018001212,2018年12月,,537,,"1,228",,393,,626,,421,,"9,719",,"3,029",
1,金額,3,二人以上の世帯（2000年〜）,0,全国,2018001111,2018年11月,,492,,755,,355,,512,,326,,"8,772",,"2,359",
1,金額,3,二人以上の世帯（2000年〜）,0,全国,2018001010,2018年10月,,640,,795,,248,,549,,307,,"9,799",,"2,042",
1,金額,3,二人以上の世帯（2000年〜）,0,全国,2018000909,2018年9月,,861,,784,,229,,538,,360,,"11,354",,"1,759",
1,金額,3,二人以上の世帯（2000年〜）,0,全国,2018000808,2018年8月,,"1,443",,"1,267",,196,,858,,436,,"10,790",,"1,880",
1,金額,3,二人以上の世帯（2000年〜）,0,全国,2018000707,2018年7月,,"1,506",,"1,264",,203,,631,,357,,"8,666",,"2,292",
1,金額,3,二人以上の世帯（2000年〜）,0,全国,2018000606,2018年6月,,"1,021",,955,,218,,587,,291,,"8,286",,"2,665",
1,金額,3,二人以上の世帯（2000年〜）,0,全国,2018000505,2018年5月,,894,,897,,254,,531,,310,,"9,439",,"3,246",
1,金額,3,二人以上の世帯（2000年〜）,0,全国,2018000404,2018年4月,,746,,825,,290,,529,,287,,"11,192",,"3,718",
1,金額,3,二人以上の世帯（2000年〜）,0,全国,2018000303,2018年3月,,607,,795,,306,,653,,341,,"13,534",,"4,272",
1,金額,3,二人以上の世帯（2000年〜）,0,全国,2018000202,2018年2月,,416,,606,,294,,503,,297,,"14,222",,"4,439",
1,金額,3,二人以上の世帯（2000年〜）,0,全国,2018000101,2018年1月,,507,,638,,319,,647,,365,,"13,404",,"4,180",
1,金額,3,二人以上の世帯（2000年〜）,0,全国,2017001212,2017年12月,,573,,"1,485",,441,,642,,382,,"10,600",,"3,215",
1,金額,3,二人以上の世帯（2000年〜）,0,全国,2017001111,2017年11月,,489,,839,,366,,545,,308,,"8,946",,"2,507",
1,金額,3,二人以上の世帯（2000年〜）,0,全国,2017001010,2017年10月,,599,,784,,285,,594,,310,,"9,065",,"1,994",
1,金額,3,二人以上の世帯（2000年〜）,0,全国,2017000909,2017年9月,,826,,835,,224,,536,,295,,"10,538",,"1,847",
1,金額,3,二人以上の世帯（2000年〜）,0,全国,2017000808,2017年8月,,"1,370",,"1,348",,258,,792,,398,,"10,361",,"1,855",
1,金額,3,二人以上の世帯（2000年〜）,0,全国,2017000707,2017年7月,,"1,394",,"1,369",,240,,649,,336,,"8,446",,"2,168",
1,金額,3,二人以上の世帯（2000年〜）,0,全国,2017000606,2017年6月,,914,,938,,269,,550,,248,,"8,233",,"2,609",
1,金額,3,二人以上の世帯（2000年〜）,0,全国,2017000505,2017年5月,,915,,"1,026",,273,,620,,285,,"9,577",,"3,212",
1,金額,3,二人以上の世帯（2000年〜）,0,全国,2017000404,2017年4月,,624,,756,,250,,600,,291,,"11,536",,"3,871",
1,金額,3,二人以上の世帯（2000年〜）,0,全国,2017000303,2017年3月,,472,,724,,257,,568,,299,,"12,216",,"4,007",
1,金額,3,二人以上の世帯（2000年〜）,0,全国,2017000202,2017年2月,,382,,554,,217,,441,,280,,"12,674",,"4,092",
1,金額,3,二人以上の世帯（2000年〜）,0,全国,2017000101,2017年1月,,489,,553,,238,,541,,317,,"11,546",,"3,788",
1,金額,3,二人以上の世帯（2000年〜）,0,全国,2016001212,2016年12月,,561,,"1,412",,396,,526,,346,,"9,211",,"3,005",
1,金額,3,二人以上の世帯（2000年〜）,0,全国,2016001111,2016年11月,,459,,708,,333,,438,,283,,"8,057",,"2,326",
1,金額,3,二人以上の世帯（2000年〜）,0,全国,2016001010,2016年10月,,621,,726,,279,,522,,284,,"8,946",,"1,904",
1,金額,3,二人以上の世帯（2000年〜）,0,全国,2016000909,2016年9月,,843,,690,,214,,496,,299,,"10,031",,"1,831",
1,金額,3,二人以上の世帯（2000年〜）,0,全国,2016000808,2016年8月,,"1,387",,"1,294",,195,,809,,355,,"9,394",,"1,955",
1,金額,3,二人以上の世帯（2000年〜）,0,全国,2016000707,2016年7月,,"1,292",,"1,290",,228,,586,,290,,"7,911",,"2,232",
1,金額,3,二人以上の世帯（2000年〜）,0,全国,2016000606,2016年6月,,883,,957,,265,,495,,241,,"7,969",,"2,768",
1,金額,3,二人以上の世帯（2000年〜）,0,全国,2016000505,2016年5月,,890,,868,,293,,661,,298,,"9,394",,"3,508",
1,金額,3,二人以上の世帯（2000年〜）,0,全国,2016000404,2016年4月,,617,,766,,296,,591,,290,,"11,144",,"4,209",
1,金額,3,二人以上の世帯（2000年〜）,0,全国,2016000303,2016年3月,,493,,740,,307,,591,,327,,"12,819",,"4,567",
1,金額,3,二人以上の世帯（2000年〜）,0,全国,2016000202,2016年2月,,397,,609,,266,,601,,271,,"14,001",,"4,759",
1,金額,3,二人以上の世帯（2000年〜）,0,全国,2016000101,2016年1月,,464,,638,,260,,542,,299,,"12,319",,"4,225",
1,金額,3,二人以上の世帯（2000年〜）,0,全国,2015001212,2015年12月,,581,,"1,444",,429,,562,,307,,"9,514",,"3,259",
1,金額,3,二人以上の世帯（2000年〜）,0,全国,2015001111,2015年11月,,478,,743,,405,,452,,284,,"8,434",,"2,592",
1,金額,3,二人以上の世帯（2000年〜）,0,全国,2015001010,2015年10月,,603,,769,,305,,447,,266,,"8,724",,"2,244",
1,金額,3,二人以上の世帯（2000年〜）,0,全国,2015000909,2015年9月,,768,,843,,257,,503,,292,,"10,093",,"1,992",
1,金額,3,二人以上の世帯（2000年〜）,0,全国,2015000808,2015年8月,,"1,384",,"1,296",,231,,709,,367,,"10,859",,"2,287",
1,金額,3,二人以上の世帯（2000年〜）,0,全国,2015000707,2015年7月,,"1,257",,"1,344",,235,,523,,278,,"8,697",,"2,760",
1,金額,3,二人以上の世帯（2000年〜）,0,全国,2015000606,2015年6月,,894,,988,,248,,465,,213,,"8,889",,"3,139",
1,金額,3,二人以上の世帯（2000年〜）,0,全国,2015000505,2015年5月,,928,,946,,244,,633,,263,,"10,488",,"4,214",
1,金額,3,二人以上の世帯（2000年〜）,0,全国,2015000404,2015年4月,,590,,745,,271,,436,,260,,"12,287",,"5,076",
1,金額,3,二人以上の世帯（2000年〜）,0,全国,2015000303,2015年3月,,480,,693,,273,,550,,283,,"14,344",,"5,535",
1,金額,3,二人以上の世帯（2000年〜）,0,全国,2015000202,2015年2月,,345,,580,,255,,392,,195,,"15,280",,"5,578",
1,金額,3,二人以上の世帯（2000年〜）,0,全国,2015000101,2015年1月,,401,,613,,288,,415,,244,,"15,107",,"5,213",
1,金額,3,二人以上の世帯（2000年〜）,0,全国,2014001212,2014年12月,,455,,"1,501",,432,,***,,302,,"10,895",,"3,778",
1,金額,3,二人以上の世帯（2000年〜）,0,全国,2014001111,2014年11月,,419,,788,,361,,***,,283,,"9,312",,"2,957",
1,金額,3,二人以上の世帯（2000年〜）,0,全国,2014001010,2014年10月,,570,,765,,271,,***,,265,,"9,633",,"2,392",
1,金額,3,二人以上の世帯（2000年〜）,0,全国,2014000909,2014年9月,,748,,856,,226,,***,,285,,"10,891",,"2,121",
1,金額,3,二人以上の世帯（2000年〜）,0,全国,2014000808,2014年8月,,"1,238",,"1,333",,225,,***,,325,,"10,957",,"2,261",
1,金額,3,二人以上の世帯（2000年〜）,0,全国,2014000707,2014年7月,,"1,202",,"1,374",,251,,***,,290,,"9,056",,"2,682",
1,金額,3,二人以上の世帯（2000年〜）,0,全国,2014000606,2014年6月,,900,,"1,012",,233,,***,,304,,"9,148",,"3,244",
1,金額,3,二人以上の世帯（2000年〜）,0,全国,2014000505,2014年5月,,803,,891,,316,,***,,316,,"10,364",,"3,892",
1,金額,3,二人以上の世帯（2000年〜）,0,全国,2014000404,2014年4月,,520,,663,,259,,***,,325,,"11,901",,"4,775",
1,金額,3,二人以上の世帯（2000年〜）,0,全国,2014000303,2014年3月,,447,,"1,036",,330,,***,,350,,"14,051",,"5,228",
1,金額,3,二人以上の世帯（2000年〜）,0,全国,2014000202,2014年2月,,309,,594,,258,,***,,307,,"14,375",,"5,319",
1,金額,3,二人以上の世帯（2000年〜）,0,全国,2014000101,2014年1月,,396,,683,,264,,***,,362,,"13,857",,"5,086",
1,金額,3,二人以上の世帯（2000年〜）,0,全国,2013001212,2013年12月,,445,,"1,566",,424,,***,,368,,"10,627",,"3,766",
1,金額,3,二人以上の世帯（2000年〜）,0,全国,2013001111,2013年11月,,370,,786,,333,,***,,340,,"9,465",,"2,850",
1,金額,3,二人以上の世帯（2000年〜）,0,全国,2013001010,2013年10月,,549,,822,,261,,***,,316,,"9,770",,"2,163",
1,金額,3,二人以上の世帯（2000年〜）,0,全国,2013000909,2013年9月,,794,,882,,254,,***,,351,,"11,736",,"2,002",
1,金額,3,二人以上の世帯（2000年〜）,0,全国,2013000808,2013年8月,,"1,437",,"1,354",,200,,***,,425,,"11,009",,"2,215",
1,金額,3,二人以上の世帯（2000年〜）,0,全国,2013000707,2013年7月,,"1,234",,"1,361",,227,,***,,370,,"8,848",,"2,590",
1,金額,3,二人以上の世帯（2000年〜）,0,全国,2013000606,2013年6月,,878,,"1,037",,213,,***,,295,,"8,331",,"3,174",
1,金額,3,二人以上の世帯（2000年〜）,0,全国,2013000505,2013年5月,,761,,947,,217,,***,,311,,"9,547",,"3,949",
1,金額,3,二人以上の世帯（2000年〜）,0,全国,2013000404,2013年4月,,525,,779,,350,,***,,324,,"10,362",,"4,373",
1,金額,3,二人以上の世帯（2000年〜）,0,全国,2013000303,2013年3月,,438,,894,,275,,***,,382,,"12,271",,"4,959",
1,金額,3,二人以上の世帯（2000年〜）,0,全国,2013000202,2013年2月,,322,,659,,241,,***,,325,,"13,178",,"5,216",
1,金額,3,二人以上の世帯（2000年〜）,0,全国,2013000101,2013年1月,,363,,761,,321,,***,,362,,"12,942",,"5,028",
1,金額,3,二人以上の世帯（2000年〜）,0,全国,2012001212,2012年12月,,414,,"1,533",,417,,***,,375,,"10,160",,"3,704",
1,金額,3,二人以上の世帯（2000年〜）,0,全国,2012001111,2012年11月,,326,,753,,466,,***,,346,,"8,524",,"2,681",
1,金額,3,二人以上の世帯（2000年〜）,0,全国,2012001010,2012年10月,,515,,754,,210,,***,,332,,"9,222",,"2,093",
1,金額,3,二人以上の世帯（2000年〜）,0,全国,2012000909,2012年9月,,849,,888,,209,,***,,351,,"10,629",,"1,974",
1,金額,3,二人以上の世帯（2000年〜）,0,全国,2012000808,2012年8月,,"1,332",,"1,575",,196,,***,,417,,"9,768",,"2,246",
1,金額,3,二人以上の世帯（2000年〜）,0,全国,2012000707,2012年7月,,"1,165",,"1,418",,192,,***,,381,,"7,869",,"2,661",
1,金額,3,二人以上の世帯（2000年〜）,0,全国,2012000606,2012年6月,,798,,"1,065",,205,,***,,298,,"7,975",,"3,113",
1,金額,3,二人以上の世帯（2000年〜）,0,全国,2012000505,2012年5月,,671,,890,,207,,***,,311,,"9,561",,"3,866",
1,金額,3,二人以上の世帯（2000年〜）,0,全国,2012000404,2012年4月,,524,,881,,229,,***,,360,,"11,192",,"4,497",
1,金額,3,二人以上の世帯（2000年〜）,0,全国,2012000303,2012年3月,,385,,771,,261,,***,,382,,"12,291",,"4,905",
1,金額,3,二人以上の世帯（2000年〜）,0,全国,2012000202,2012年2月,,274,,675,,208,,***,,329,,"12,986",,"5,017",
1,金額,3,二人以上の世帯（2000年〜）,0,全国,2012000101,2012年1月,,339,,679,,223,,***,,433,,"12,206",,"4,645",
1,金額,3,二人以上の世帯（2000年〜）,0,全国,2011001212,2011年12月,,423,,"1,592",,401,,***,,428,,"9,114",,"3,337",
1,金額,3,二人以上の世帯（2000年〜）,0,全国,2011001111,2011年11月,,393,,901,,334,,***,,355,,"8,041",,"2,623",
1,金額,3,二人以上の世帯（2000年〜）,0,全国,2011001010,2011年10月,,516,,873,,197,,***,,407,,"8,886",,"2,189",
1,金額,3,二人以上の世帯（2000年〜）,0,全国,2011000909,2011年9月,,767,,995,,192,,***,,352,,"9,969",,"1,956",
1,金額,3,二人以上の世帯（2000年〜）,0,全国,2011000808,2011年8月,,"1,241",,"1,581",,210,,***,,435,,"9,262",,"2,096",
1,金額,3,二人以上の世帯（2000年〜）,0,全国,2011000707,2011年7月,,"1,265",,"1,604",,190,,***,,391,,"8,163",,"2,470",
1,金額,3,二人以上の世帯（2000年〜）,0,全国,2011000606,2011年6月,,791,,"1,130",,188,,***,,306,,"7,644",,"2,929",
1,金額,3,二人以上の世帯（2000年〜）,0,全国,2011000505,2011年5月,,672,,973,,176,,***,,368,,"8,824",,"3,604",
1,金額,3,二人以上の世帯（2000年〜）,0,全国,2011000404,2011年4月,,462,,934,,198,,***,,332,,"10,152",,"4,087",
1,金額,3,二人以上の世帯（2000年〜）,0,全国,2011000303,2011年3月,,329,,799,,163,,***,,341,,"11,045",,"4,348",
1,金額,3,二人以上の世帯（2000年〜）,0,全国,2011000202,2011年2月,,289,,667,,209,,***,,347,,"12,369",,"4,513",
1,金額,3,二人以上の世帯（2000年〜）,0,全国,2011000101,2011年1月,,346,,710,,191,,***,,439,,"11,622",,"4,244",
1,金額,3,二人以上の世帯（2000年〜）,0,全国,2010001212,2010年12月,,423,,"1,703",,353,,***,,396,,"9,000",,"3,287",
1,金額,3,二人以上の世帯（2000年〜）,0,全国,2010001111,2010年11月,,351,,913,,319,,***,,335,,"8,274",,"2,595",
1,金額,3,二人以上の世帯（2000年〜）,0,全国,2010001010,2010年10月,,504,,"1,040",,212,,***,,343,,"9,584",,"2,034",
1,金額,3,二人以上の世帯（2000年〜）,0,全国,2010000909,2010年9月,,864,,"1,100",,158,,***,,337,,"11,533",,"1,868",
1,金額,3,二人以上の世帯（2000年〜）,0,全国,2010000808,2010年8月,,"1,451",,"1,788",,147,,***,,498,,"10,273",,"2,076",
1,金額,3,二人以上の世帯（2000年〜）,0,全国,2010000707,2010年7月,,"1,211",,"1,731",,151,,***,,397,,"8,122",,"2,503",
1,金額,3,二人以上の世帯（2000年〜）,0,全国,2010000606,2010年6月,,841,,"1,300",,172,,***,,284,,"7,872",,"3,063",
1,金額,3,二人以上の世帯（2000年〜）,0,全国,2010000505,2010年5月,,752,,"1,072",,195,,***,,354,,"9,350",,"3,802",
1,金額,3,二人以上の世帯（2000年〜）,0,全国,2010000404,2010年4月,,464,,990,,202,,***,,351,,"10,367",,"4,226",
1,金額,3,二人以上の世帯（2000年〜）,0,全国,2010000303,2010年3月,,383,,907,,184,,***,,418,,"10,880",,"4,576",
1,金額,3,二人以上の世帯（2000年〜）,0,全国,2010000202,2010年2月,,305,,750,,186,,***,,339,,"11,545",,"4,446",
1,金額,3,二人以上の世帯（2000年〜）,0,全国,2010000101,2010年1月,,362,,780,,196,,***,,423,,"11,406",,"4,258",
1,金額,3,二人以上の世帯（2000年〜）,0,全国,2009001212,2009年12月,,440,,"1,700",,340,,***,,393,,"8,973",,"3,204",
1,金額,3,二人以上の世帯（2000年〜）,0,全国,2009001111,2009年11月,,402,,993,,307,,***,,349,,"7,891",,"2,599",
1,金額,3,二人以上の世帯（2000年〜）,0,全国,2009001010,2009年10月,,495,,"1,002",,310,,***,,373,,"8,198",,"2,170",
1,金額,3,二人以上の世帯（2000年〜）,0,全国,2009000909,2009年9月,,723,,"1,047",,164,,***,,331,,"8,914",,"1,977",
1,金額,3,二人以上の世帯（2000年〜）,0,全国,2009000808,2009年8月,,"1,215",,"1,661",,157,,***,,461,,"9,318",,"2,190",
1,金額,3,二人以上の世帯（2000年〜）,0,全国,2009000707,2009年7月,,"1,072",,"1,754",,138,,***,,358,,"7,834",,"2,527",
1,金額,3,二人以上の世帯（2000年〜）,0,全国,2009000606,2009年6月,,819,,"1,288",,231,,***,,313,,"7,899",,"2,999",
1,金額,3,二人以上の世帯（2000年〜）,0,全国,2009000505,2009年5月,,768,,"1,207",,184,,***,,370,,"9,164",,"3,704",
1,金額,3,二人以上の世帯（2000年〜）,0,全国,2009000404,2009年4月,,569,,"1,069",,183,,***,,326,,"10,917",,"4,444",
1,金額,3,二人以上の世帯（2000年〜）,0,全国,2009000303,2009年3月,,386,,"1,046",,166,,***,,407,,"11,769",,"4,722",
1,金額,3,二人以上の世帯（2000年〜）,0,全国,2009000202,2009年2月,,303,,822,,173,,***,,303,,"12,619",,"4,901",
1,金額,3,二人以上の世帯（2000年〜）,0,全国,2009000101,2009年1月,,351,,924,,172,,***,,368,,"12,263",,"4,629",
1,金額,3,二人以上の世帯（2000年〜）,0,全国,2008001212,2008年12月,,414,,"2,011",,303,,***,,360,,"9,488",,"3,398",
1,金額,3,二人以上の世帯（2000年〜）,0,全国,2008001111,2008年11月,,355,,"1,150",,309,,***,,391,,"8,494",,"2,701",
1,金額,3,二人以上の世帯（2000年〜）,0,全国,2008001010,2008年10月,,477,,"1,185",,190,,***,,284,,"8,994",,"2,298",
1,金額,3,二人以上の世帯（2000年〜）,0,全国,2008000909,2008年9月,,691,,"1,180",,179,,***,,297,,"10,094",,"2,064",
1,金額,3,二人以上の世帯（2000年〜）,0,全国,2008000808,2008年8月,,"1,190",,"1,949",,161,,***,,421,,"10,506",,"2,203",
1,金額,3,二人以上の世帯（2000年〜）,0,全国,2008000707,2008年7月,,"1,182",,"2,121",,146,,***,,325,,"8,118",,"2,638",
1,金額,3,二人以上の世帯（2000年〜）,0,全国,2008000606,2008年6月,,727,,"1,454",,159,,***,,314,,"8,052",,"3,093",
1,金額,3,二人以上の世帯（2000年〜）,0,全国,2008000505,2008年5月,,689,,"1,394",,157,,***,,300,,"8,894",,"3,635",
1,金額,3,二人以上の世帯（2000年〜）,0,全国,2008000404,2008年4月,,501,,"1,174",,166,,***,,309,,"9,757",,"4,171",
1,金額,3,二人以上の世帯（2000年〜）,0,全国,2008000303,2008年3月,,404,,"1,156",,189,,***,,403,,"11,366",,"4,612",
1,金額,3,二人以上の世帯（2000年〜）,0,全国,2008000202,2008年2月,,288,,935,,194,,***,,288,,"12,117",,"4,760",
1,金額,3,二人以上の世帯（2000年〜）,0,全国,2008000101,2008年1月,,346,,942,,171,,***,,354,,"11,531",,"4,337",
1,金額,3,二人以上の世帯（2000年〜）,0,全国,2007001212,2007年12月,,405,,"2,080",,385,,***,,375,,"9,255",,"3,459",
1,金額,3,二人以上の世帯（2000年〜）,0,全国,2007001111,2007年11月,,324,,"1,134",,285,,***,,272,,"8,137",,"2,643",
1,金額,3,二人以上の世帯（2000年〜）,0,全国,2007001010,2007年10月,,469,,"1,172",,194,,***,,290,,"8,826",,"2,159",
1,金額,3,二人以上の世帯（2000年〜）,0,全国,2007000909,2007年9月,,784,,"1,417",,192,,***,,315,,"10,141",,"2,017",
1,金額,3,二人以上の世帯（2000年〜）,0,全国,2007000808,2007年8月,,"1,279",,"2,255",,167,,***,,384,,"9,067",,"2,281",
1,金額,3,二人以上の世帯（2000年〜）,0,全国,2007000707,2007年7月,,908,,"1,983",,136,,***,,312,,"7,591",,"2,531",
1,金額,3,二人以上の世帯（2000年〜）,0,全国,2007000606,2007年6月,,768,,"1,648",,192,,***,,277,,"7,645",,"2,948",
1,金額,3,二人以上の世帯（2000年〜）,0,全国,2007000505,2007年5月,,652,,"1,309",,166,,***,,287,,"8,877",,"3,620",
1,金額,3,二人以上の世帯（2000年〜）,0,全国,2007000404,2007年4月,,466,,"1,288",,161,,***,,298,,"9,460",,"3,905",
1,金額,3,二人以上の世帯（2000年〜）,0,全国,2007000303,2007年3月,,387,,"1,104",,191,,***,,342,,"10,124",,"4,141",
1,金額,3,二人以上の世帯（2000年〜）,0,全国,2007000202,2007年2月,,292,,879,,161,,***,,285,,"10,845",,"4,438",
1,金額,3,二人以上の世帯（2000年〜）,0,全国,2007000101,2007年1月,,347,,947,,184,,***,,348,,"11,046",,"4,369",
1,金額,3,二人以上の世帯（2000年〜）,0,全国,2006001212,2006年12月,,392,,"1,913",,390,,***,,340,,"8,970",,"3,370",
1,金額,3,二人以上の世帯（2000年〜）,0,全国,2006001111,2006年11月,,336,,"1,110",,304,,***,,262,,"7,907",,"2,802",
1,金額,3,二人以上の世帯（2000年〜）,0,全国,2006001010,2006年10月,,493,,"1,211",,171,,***,,267,,"8,217",,"2,277",
1,金額,3,二人以上の世帯（2000年〜）,0,全国,2006000909,2006年9月,,654,,"1,149",,109,,***,,268,,"9,962",,"2,062",
1,金額,3,二人以上の世帯（2000年〜）,0,全国,2006000808,2006年8月,,"1,193",,"2,003",,157,,***,,352,,"9,409",,"2,241",
1,金額,3,二人以上の世帯（2000年〜）,0,全国,2006000707,2006年7月,,973,,"2,028",,165,,***,,327,,"7,774",,"2,497",
1,金額,3,二人以上の世帯（2000年〜）,0,全国,2006000606,2006年6月,,748,,"1,409",,147,,***,,229,,"7,734",,"3,037",
1,金額,3,二人以上の世帯（2000年〜）,0,全国,2006000505,2006年5月,,602,,"1,336",,162,,***,,288,,"8,940",,"3,611",
1,金額,3,二人以上の世帯（2000年〜）,0,全国,2006000404,2006年4月,,457,,"1,257",,158,,***,,266,,"10,104",,"4,154",
1,金額,3,二人以上の世帯（2000年〜）,0,全国,2006000303,2006年3月,,373,,"1,096",,202,,***,,335,,"10,661",,"4,285",
1,金額,3,二人以上の世帯（2000年〜）,0,全国,2006000202,2006年2月,,279,,880,,157,,***,,248,,"11,839",,"4,612",
1,金額,3,二人以上の世帯（2000年〜）,0,全国,2006000101,2006年1月,,322,,939,,177,,***,,324,,"12,027",,"4,431",
1,金額,3,二人以上の世帯（2000年〜）,0,全国,2005001212,2005年12月,,359,,"2,052",,366,,***,,343,,"8,947",,"3,369",
1,金額,3,二人以上の世帯（2000年〜）,0,全国,2005001111,2005年11月,,315,,"1,132",,340,,***,,278,,"7,835",,"2,597",
1,金額,3,二人以上の世帯（2000年〜）,0,全国,2005001010,2005年10月,,453,,"1,243",,212,,***,,274,,"8,607",,"2,157",
1,金額,3,二人以上の世帯（2000年〜）,0,全国,2005000909,2005年9月,,739,,"1,391",,156,,***,,295,,"9,843",,"1,939",
1,金額,3,二人以上の世帯（2000年〜）,0,全国,2005000808,2005年8月,,"1,179",,"2,076",,163,,***,,367,,"9,450",,"2,153",
1,金額,3,二人以上の世帯（2000年〜）,0,全国,2005000707,2005年7月,,"1,037",,"2,293",,154,,***,,309,,"7,723",,"2,434",
1,金額,3,二人以上の世帯（2000年〜）,0,全国,2005000606,2005年6月,,812,,"1,606",,148,,***,,244,,"7,454",,"2,959",
1,金額,3,二人以上の世帯（2000年〜）,0,全国,2005000505,2005年5月,,667,,"1,425",,209,,***,,263,,"8,446",,"3,556",
1,金額,3,二人以上の世帯（2000年〜）,0,全国,2005000404,2005年4月,,543,,"1,251",,226,,***,,281,,"9,755",,"4,024",
1,金額,3,二人以上の世帯（2000年〜）,0,全国,2005000303,2005年3月,,357,,"1,034",,217,,***,,317,,"10,525",,"4,226",
1,金額,3,二人以上の世帯（2000年〜）,0,全国,2005000202,2005年2月,,283,,896,,176,,***,,265,,"11,175",,"4,343",
1,金額,3,二人以上の世帯（2000年〜）,0,全国,2005000101,2005年1月,,323,,945,,199,,***,,350,,"10,845",,"3,943",
1,金額,3,二人以上の世帯（2000年〜）,0,全国,2004001212,2004年12月,,388,,"2,143",,369,,***,,317,,"8,547",,"3,019",
1,金額,3,二人以上の世帯（2000年〜）,0,全国,2004001111,2004年11月,,358,,"1,282",,355,,***,,256,,"7,902",,"2,592",
1,金額,3,二人以上の世帯（2000年〜）,0,全国,2004001010,2004年10月,,434,,"1,239",,211,,***,,251,,"8,540",,"2,097",
1,金額,3,二人以上の世帯（2000年〜）,0,全国,2004000909,2004年9月,,653,,"1,410",,163,,***,,272,,"9,940",,"1,892",
1,金額,3,二人以上の世帯（2000年〜）,0,全国,2004000808,2004年8月,,"1,080",,"2,114",,187,,***,,332,,"10,402",,"2,014",
1,金額,3,二人以上の世帯（2000年〜）,0,全国,2004000707,2004年7月,,"1,148",,"2,344",,181,,***,,280,,"8,284",,"2,277",
1,金額,3,二人以上の世帯（2000年〜）,0,全国,2004000606,2004年6月,,772,,"1,695",,174,,***,,223,,"7,459",,"2,718",
1,金額,3,二人以上の世帯（2000年〜）,0,全国,2004000505,2004年5月,,667,,"1,535",,215,,***,,285,,"8,339",,"3,216",
1,金額,3,二人以上の世帯（2000年〜）,0,全国,2004000404,2004年4月,,508,,"1,295",,190,,***,,246,,"9,459",,"4,008",
1,金額,3,二人以上の世帯（2000年〜）,0,全国,2004000303,2004年3月,,367,,"1,207",,161,,***,,275,,"10,230",,"4,076",
1,金額,3,二人以上の世帯（2000年〜）,0,全国,2004000202,2004年2月,,322,,"1,012",,203,,***,,266,,"11,357",,"4,325",
1,金額,3,二人以上の世帯（2000年〜）,0,全国,2004000101,2004年1月,,351,,"1,015",,218,,***,,305,,"11,168",,"3,972",
1,金額,3,二人以上の世帯（2000年〜）,0,全国,2003001212,2003年12月,,415,,"2,154",,423,,***,,320,,"8,587",,"3,032",
1,金額,3,二人以上の世帯（2000年〜）,0,全国,2003001111,2003年11月,,363,,"1,231",,368,,***,,267,,"7,960",,"2,640",
1,金額,3,二人以上の世帯（2000年〜）,0,全国,2003001010,2003年10月,,430,,"1,268",,187,,***,,234,,"8,715",,"2,240",
1,金額,3,二人以上の世帯（2000年〜）,0,全国,2003000909,2003年9月,,724,,"1,393",,149,,***,,255,,"9,622",,"2,093",
1,金額,3,二人以上の世帯（2000年〜）,0,全国,2003000808,2003年8月,,"1,057",,"2,294",,140,,***,,355,,"8,758",,"2,245",
1,金額,3,二人以上の世帯（2000年〜）,0,全国,2003000707,2003年7月,,821,,"2,237",,162,,***,,267,,"7,594",,"2,454",
1,金額,3,二人以上の世帯（2000年〜）,0,全国,2003000606,2003年6月,,730,,"1,627",,192,,***,,224,,"7,397",,"2,818",
1,金額,3,二人以上の世帯（2000年〜）,0,全国,2003000505,2003年5月,,632,,"1,445",,184,,***,,230,,"8,339",,"3,394",
1,金額,3,二人以上の世帯（2000年〜）,0,全国,2003000404,2003年4月,,492,,"1,421",,185,,***,,238,,"9,301",,"3,880",
1,金額,3,二人以上の世帯（2000年〜）,0,全国,2003000303,2003年3月,,365,,"1,262",,209,,***,,278,,"10,186",,"4,011",
1,金額,3,二人以上の世帯（2000年〜）,0,全国,2003000202,2003年2月,,268,,989,,186,,***,,223,,"10,972",,"4,276",
1,金額,3,二人以上の世帯（2000年〜）,0,全国,2003000101,2003年1月,,331,,"1,001",,175,,***,,270,,"11,483",,"4,155",
1,金額,3,二人以上の世帯（2000年〜）,0,全国,2002001212,2002年12月,,425,,"2,397",,386,,***,,298,,"9,103",,"3,357",
1,金額,3,二人以上の世帯（2000年〜）,0,全国,2002001111,2002年11月,,307,,"1,358",,291,,***,,247,,"8,158",,"2,782",
1,金額,3,二人以上の世帯（2000年〜）,0,全国,2002001010,2002年10月,,462,,"1,378",,195,,***,,232,,"8,154",,"2,189",
1,金額,3,二人以上の世帯（2000年〜）,0,全国,2002000909,2002年9月,,681,,"1,564",,135,,***,,260,,"10,473",,"2,015",
1,金額,3,二人以上の世帯（2000年〜）,0,全国,2002000808,2002年8月,,"1,178",,"2,515",,177,,***,,356,,"10,725",,"2,130",
1,金額,3,二人以上の世帯（2000年〜）,0,全国,2002000707,2002年7月,,"1,104",,"2,582",,158,,***,,259,,"7,869",,"2,500",
1,金額,3,二人以上の世帯（2000年〜）,0,全国,2002000606,2002年6月,,768,,"1,914",,155,,***,,218,,"7,678",,"2,935",
1,金額,3,二人以上の世帯（2000年〜）,0,全国,2002000505,2002年5月,,631,,"1,632",,163,,***,,214,,"8,386",,"3,395",
1,金額,3,二人以上の世帯（2000年〜）,0,全国,2002000404,2002年4月,,533,,"1,425",,175,,***,,254,,"8,981",,"3,774",
1,金額,3,二人以上の世帯（2000年〜）,0,全国,2002000303,2002年3月,,419,,"1,418",,181,,***,,297,,"10,047",,"4,139",
1,金額,3,二人以上の世帯（2000年〜）,0,全国,2002000202,2002年2月,,296,,"1,068",,190,,***,,226,,"11,315",,"4,396",
1,金額,3,二人以上の世帯（2000年〜）,0,全国,2002000101,2002年1月,,342,,"1,052",,210,,***,,267,,"11,729",,"4,280",
1,金額,3,二人以上の世帯（2000年〜）,0,全国,2001001212,2001年12月,,401,,"2,401",,426,,***,,295,,"9,104",,"3,385",
1,金額,3,二人以上の世帯（2000年〜）,0,全国,2001001111,2001年11月,,349,,"1,261",,317,,***,,241,,"8,066",,"2,778",
1,金額,3,二人以上の世帯（2000年〜）,0,全国,2001001010,2001年10月,,436,,"1,447",,226,,***,,221,,"8,342",,"2,305",
1,金額,3,二人以上の世帯（2000年〜）,0,全国,2001000909,2001年9月,,610,,"1,554",,183,,***,,248,,"10,200",,"2,037",
1,金額,3,二人以上の世帯（2000年〜）,0,全国,2001000808,2001年8月,,"1,122",,"2,485",,168,,***,,352,,"10,912",,"2,135",
1,金額,3,二人以上の世帯（2000年〜）,0,全国,2001000707,2001年7月,,"1,289",,"2,913",,224,,***,,291,,"8,315",,"2,457",
1,金額,3,二人以上の世帯（2000年〜）,0,全国,2001000606,2001年6月,,771,,"1,945",,203,,***,,230,,"7,568",,"2,873",
1,金額,3,二人以上の世帯（2000年〜）,0,全国,2001000505,2001年5月,,671,,"1,853",,240,,***,,257,,"8,510",,"3,493",
1,金額,3,二人以上の世帯（2000年〜）,0,全国,2001000404,2001年4月,,536,,"1,645",,187,,***,,246,,"9,375",,"3,790",
1,金額,3,二人以上の世帯（2000年〜）,0,全国,2001000303,2001年3月,,396,,"1,428",,237,,***,,316,,"10,161",,"4,220",
1,金額,3,二人以上の世帯（2000年〜）,0,全国,2001000202,2001年2月,,310,,"1,273",,213,,***,,239,,"11,325",,"4,413",
1,金額,3,二人以上の世帯（2000年〜）,0,全国,2001000101,2001年1月,,336,,"1,223",,189,,***,,272,,"11,069",,"4,220",
1,金額,3,二人以上の世帯（2000年〜）,0,全国,2000001212,2000年12月,,432,,"2,630",,414,,***,,295,,"9,090",,"3,267",
1,金額,3,二人以上の世帯（2000年〜）,0,全国,2000001111,2000年11月,,354,,"1,627",,286,,***,,244,,"8,095",,"2,569",
1,金額,3,二人以上の世帯（2000年〜）,0,全国,2000001010,2000年10月,,477,,"1,815",,209,,***,,271,,"8,986",,"2,142",
1,金額,3,二人以上の世帯（2000年〜）,0,全国,2000000909,2000年9月,,744,,"2,074",,177,,***,,252,,"11,265",,"1,967",
1,金額,3,二人以上の世帯（2000年〜）,0,全国,2000000808,2000年8月,,"1,271",,"3,088",,180,,***,,323,,"10,730",,"2,095",
1,金額,3,二人以上の世帯（2000年〜）,0,全国,2000000707,2000年7月,,"1,222",,"3,463",,204,,***,,282,,"8,461",,"2,432",
1,金額,3,二人以上の世帯（2000年〜）,0,全国,2000000606,2000年6月,,770,,"2,195",,215,,***,,221,,"7,769",,"2,855",
1,金額,3,二人以上の世帯（2000年〜）,0,全国,2000000505,2000年5月,,735,,"2,266",,241,,***,,232,,"8,890",,"3,591",
1,金額,3,二人以上の世帯（2000年〜）,0,全国,2000000404,2000年4月,,529,,"1,917",,228,,***,,244,,"10,109",,"4,150",
1,金額,3,二人以上の世帯（2000年〜）,0,全国,2000000303,2000年3月,,385,,"1,809",,241,,***,,261,,"10,716",,"4,269",
1,金額,3,二人以上の世帯（2000年〜）,0,全国,2000000202,2000年2月,,305,,"1,466",,206,,***,,204,,"10,973",,"4,213",
1,金額,3,二人以上の世帯（2000年〜）,0,全国,2000000101,2000年1月,,376,,"1,281",,208,,***,,280,,"11,096",,"4,016",
1,金額,3,二人以上の世帯（2000年〜）,0,全国,1999001212,1999年12月,,***,,***,,***,,***,,***,,***,,***,
1,金額,3,二人以上の世帯（2000年〜）,0,全国,1999001111,1999年11月,,***,,***,,***,,***,,***,,***,,***,
1,金額,3,二人以上の世帯（2000年〜）,0,全国,1999001010,1999年10月,,***,,***,,***,,***,,***,,***,,***,
1,金額,3,二人以上の世帯（2000年〜）,0,全国,1999000909,1999年9月,,***,,***,,***,,***,,***,,***,,***,
1,金額,3,二人以上の世帯（2000年〜）,0,全国,1999000808,1999年8月,,***,,***,,***,,***,,***,,***,,***,
1,金額,3,二人以上の世帯（2000年〜）,0,全国,1999000707,1999年7月,,***,,***,,***,,***,,***,,***,,***,
1,金額,3,二人以上の世帯（2000年〜）,0,全国,1999000606,1999年6月,,***,,***,,***,,***,,***,,***,,***,
1,金額,3,二人以上の世帯（2000年〜）,0,全国,1999000505,1999年5月,,***,,***,,***,,***,,***,,***,,***,
1,金額,3,二人以上の世帯（2000年〜）,0,全国,1999000404,1999年4月,,***,,***,,***,,***,,***,,***,,***,
1,金額,3,二人以上の世帯（2000年〜）,0,全国,1999000303,1999年3月,,***,,***,,***,,***,,***,,***,,***,
1,金額,3,二人以上の世帯（2000年〜）,0,全国,1999000202,1999年2月,,***,,***,,***,,***,,***,,***,,***,
1,金額,3,二人以上の世帯（2000年〜）,0,全国,1999000101,1999年1月,,***,,***,,***,,***,,***,,***,,***,
1,金額,3,二人以上の世帯（2000年〜）,0,全国,1998001212,1998年12月,,***,,***,,***,,***,,***,,***,,***,
1,金額,3,二人以上の世帯（2000年〜）,0,全国,1998001111,1998年11月,,***,,***,,***,,***,,***,,***,,***,
1,金額,3,二人以上の世帯（2000年〜）,0,全国,1998001010,1998年10月,,***,,***,,***,,***,,***,,***,,***,
1,金額,3,二人以上の世帯（2000年〜）,0,全国,1998000909,1998年9月,,***,,***,,***,,***,,***,,***,,***,
1,金額,3,二人以上の世帯（2000年〜）,0,全国,1998000808,1998年8月,,***,,***,,***,,***,,***,,***,,***,
1,金額,3,二人以上の世帯（2000年〜）,0,全国,1998000707,1998年7月,,***,,***,,***,,***,,***,,***,,***,
1,金額,3,二人以上の世帯（2000年〜）,0,全国,1998000606,1998年6月,,***,,***,,***,,***,,***,,***,,***,
1,金額,3,二人以上の世帯（2000年〜）,0,全国,1998000505,1998年5月,,***,,***,,***,,***,,***,,***,,***,
1,金額,3,二人以上の世帯（2000年〜）,0,全国,1998000404,1998年4月,,***,,***,,***,,***,,***,,***,,***,
1,金額,3,二人以上の世帯（2000年〜）,0,全国,1998000303,1998年3月,,***,,***,,***,,***,,***,,***,,***,
1,金額,3,二人以上の世帯（2000年〜）,0,全国,1998000202,1998年2月,,***,,***,,***,,***,,***,,***,,***,
1,金額,3,二人以上の世帯（2000年〜）,0,全国,1998000101,1998年1月,,***,,***,,***,,***,,***,,***,,***,
1,金額,3,二人以上の世帯（2000年〜）,0,全国,1997001212,1997年12月,,***,,***,,***,,***,,***,,***,,***,
1,金額,3,二人以上の世帯（2000年〜）,0,全国,1997001111,1997年11月,,***,,***,,***,,***,,***,,***,,***,
1,金額,3,二人以上の世帯（2000年〜）,0,全国,1997001010,1997年10月,,***,,***,,***,,***,,***,,***,,***,
1,金額,3,二人以上の世帯（2000年〜）,0,全国,1997000909,1997年9月,,***,,***,,***,,***,,***,,***,,***,
1,金額,3,二人以上の世帯（2000年〜）,0,全国,1997000808,1997年8月,,***,,***,,***,,***,,***,,***,,***,
1,金額,3,二人以上の世帯（2000年〜）,0,全国,1997000707,1997年7月,,***,,***,,***,,***,,***,,***,,***,
1,金額,3,二人以上の世帯（2000年〜）,0,全国,1997000606,1997年6月,,***,,***,,***,,***,,***,,***,,***,
1,金額,3,二人以上の世帯（2000年〜）,0,全国,1997000505,1997年5月,,***,,***,,***,,***,,***,,***,,***,
1,金額,3,二人以上の世帯（2000年〜）,0,全国,1997000404,1997年4月,,***,,***,,***,,***,,***,,***,,***,
1,金額,3,二人以上の世帯（2000年〜）,0,全国,1997000303,1997年3月,,***,,***,,***,,***,,***,,***,,***,
1,金額,3,二人以上の世帯（2000年〜）,0,全国,1997000202,1997年2月,,***,,***,,***,,***,,***,,***,,***,
1,金額,3,二人以上の世帯（2000年〜）,0,全国,1997000101,1997年1月,,***,,***,,***,,***,,***,,***,,***,
1,金額,3,二人以上の世帯（2000年〜）,0,全国,1996001212,1996年12月,,***,,***,,***,,***,,***,,***,,***,
1,金額,3,二人以上の世帯（2000年〜）,0,全国,1996001111,1996年11月,,***,,***,,***,,***,,***,,***,,***,
1,金額,3,二人以上の世帯（2000年〜）,0,全国,1996001010,1996年10月,,***,,***,,***,,***,,***,,***,,***,
1,金額,3,二人以上の世帯（2000年〜）,0,全国,1996000909,1996年9月,,***,,***,,***,,***,,***,,***,,***,
1,金額,3,二人以上の世帯（2000年〜）,0,全国,1996000808,1996年8月,,***,,***,,***,,***,,***,,***,,***,
1,金額,3,二人以上の世帯（2000年〜）,0,全国,1996000707,1996年7月,,***,,***,,***,,***,,***,,***,,***,
1,金額,3,二人以上の世帯（2000年〜）,0,全国,1996000606,1996年6月,,***,,***,,***,,***,,***,,***,,***,
1,金額,3,二人以上の世帯（2000年〜）,0,全国,1996000505,1996年5月,,***,,***,,***,,***,,***,,***,,***,
1,金額,3,二人以上の世帯（2000年〜）,0,全国,1996000404,1996年4月,,***,,***,,***,,***,,***,,***,,***,
1,金額,3,二人以上の世帯（2000年〜）,0,全国,1996000303,1996年3月,,***,,***,,***,,***,,***,,***,,***,
1,金額,3,二人以上の世帯（2000年〜）,0,全国,1996000202,1996年2月,,***,,***,,***,,***,,***,,***,,***,
1,金額,3,二人以上の世帯（2000年〜）,0,全国,1996000101,1996年1月,,***,,***,,***,,***,,***,,***,,***,
1,金額,3,二人以上の世帯（2000年〜）,0,全国,1995001212,1995年12月,,***,,***,,***,,***,,***,,***,,***,
1,金額,3,二人以上の世帯（2000年〜）,0,全国,1995001111,1995年11月,,***,,***,,***,,***,,***,,***,,***,
1,金額,3,二人以上の世帯（2000年〜）,0,全国,1995001010,1995年10月,,***,,***,,***,,***,,***,,***,,***,
1,金額,3,二人以上の世帯（2000年〜）,0,全国,1995000909,1995年9月,,***,,***,,***,,***,,***,,***,,***,
1,金額,3,二人以上の世帯（2000年〜）,0,全国,1995000808,1995年8月,,***,,***,,***,,***,,***,,***,,***,
1,金額,3,二人以上の世帯（2000年〜）,0,全国,1995000707,1995年7月,,***,,***,,***,,***,,***,,***,,***,
1,金額,3,二人以上の世帯（2000年〜）,0,全国,1995000606,1995年6月,,***,,***,,***,,***,,***,,***,,***,
1,金額,3,二人以上の世帯（2000年〜）,0,全国,1995000505,1995年5月,,***,,***,,***,,***,,***,,***,,***,
1,金額,3,二人以上の世帯（2000年〜）,0,全国,1995000404,1995年4月,,***,,***,,***,,***,,***,,***,,***,
1,金額,3,二人以上の世帯（2000年〜）,0,全国,1995000303,1995年3月,,***,,***,,***,,***,,***,,***,,***,
1,金額,3,二人以上の世帯（2000年〜）,0,全国,1995000202,1995年2月,,***,,***,,***,,***,,***,,***,,***,
1,金額,3,二人以上の世帯（2000年〜）,0,全国,1995000101,1995年1月,,***,,***,,***,,***,,***,,***,,***,
1,金額,3,二人以上の世帯（2000年〜）,0,全国,1994001212,1994年12月,,***,,***,,***,,***,,***,,***,,***,
1,金額,3,二人以上の世帯（2000年〜）,0,全国,1994001111,1994年11月,,***,,***,,***,,***,,***,,***,,***,
1,金額,3,二人以上の世帯（2000年〜）,0,全国,1994001010,1994年10月,,***,,***,,***,,***,,***,,***,,***,
1,金額,3,二人以上の世帯（2000年〜）,0,全国,1994000909,1994年9月,,***,,***,,***,,***,,***,,***,,***,
1,金額,3,二人以上の世帯（2000年〜）,0,全国,1994000808,1994年8月,,***,,***,,***,,***,,***,,***,,***,
1,金額,3,二人以上の世帯（2000年〜）,0,全国,1994000707,1994年7月,,***,,***,,***,,***,,***,,***,,***,
1,金額,3,二人以上の世帯（2000年〜）,0,全国,1994000606,1994年6月,,***,,***,,***,,***,,***,,***,,***,
1,金額,3,二人以上の世帯（2000年〜）,0,全国,1994000505,1994年5月,,***,,***,,***,,***,,***,,***,,***,
1,金額,3,二人以上の世帯（2000年〜）,0,全国,1994000404,1994年4月,,***,,***,,***,,***,,***,,***,,***,
1,金額,3,二人以上の世帯（2000年〜）,0,全国,1994000303,1994年3月,,***,,***,,***,,***,,***,,***,,***,
1,金額,3,二人以上の世帯（2000年〜）,0,全国,1994000202,1994年2月,,***,,***,,***,,***,,***,,***,,***,
1,金額,3,二人以上の世帯（2000年〜）,0,全国,1994000101,1994年1月,,***,,***,,***,,***,,***,,***,,***,
1,金額,3,二人以上の世帯（2000年〜）,0,全国,1993001212,1993年12月,,***,,***,,***,,***,,***,,***,,***,
1,金額,3,二人以上の世帯（2000年〜）,0,全国,1993001111,1993年11月,,***,,***,,***,,***,,***,,***,,***,
1,金額,3,二人以上の世帯（2000年〜）,0,全国,1993001010,1993年10月,,***,,***,,***,,***,,***,,***,,***,
1,金額,3,二人以上の世帯（2000年〜）,0,全国,1993000909,1993年9月,,***,,***,,***,,***,,***,,***,,***,
1,金額,3,二人以上の世帯（2000年〜）,0,全国,1993000808,1993年8月,,***,,***,,***,,***,,***,,***,,***,
1,金額,3,二人以上の世帯（2000年〜）,0,全国,1993000707,1993年7月,,***,,***,,***,,***,,***,,***,,***,
1,金額,3,二人以上の世帯（2000年〜）,0,全国,1993000606,1993年6月,,***,,***,,***,,***,,***,,***,,***,
1,金額,3,二人以上の世帯（2000年〜）,0,全国,1993000505,1993年5月,,***,,***,,***,,***,,***,,***,,***,
1,金額,3,二人以上の世帯（2000年〜）,0,全国,1993000404,1993年4月,,***,,***,,***,,***,,***,,***,,***,
1,金額,3,二人以上の世帯（2000年〜）,0,全国,1993000303,1993年3月,,***,,***,,***,,***,,***,,***,,***,
1,金額,3,二人以上の世帯（2000年〜）,0,全国,1993000202,1993年2月,,***,,***,,***,,***,,***,,***,,***,
1,金額,3,二人以上の世帯（2000年〜）,0,全国,1993000101,1993年1月,,***,,***,,***,,***,,***,,***,,***,
1,金額,3,二人以上の世帯（2000年〜）,0,全国,1992001212,1992年12月,,***,,***,,***,,***,,***,,***,,***,
1,金額,3,二人以上の世帯（2000年〜）,0,全国,1992001111,1992年11月,,***,,***,,***,,***,,***,,***,,***,
1,金額,3,二人以上の世帯（2000年〜）,0,全国,1992001010,1992年10月,,***,,***,,***,,***,,***,,***,,***,
1,金額,3,二人以上の世帯（2000年〜）,0,全国,1992000909,1992年9月,,***,,***,,***,,***,,***,,***,,***,
1,金額,3,二人以上の世帯（2000年〜）,0,全国,1992000808,1992年8月,,***,,***,,***,,***,,***,,***,,***,
1,金額,3,二人以上の世帯（2000年〜）,0,全国,1992000707,1992年7月,,***,,***,,***,,***,,***,,***,,***,
1,金額,3,二人以上の世帯（2000年〜）,0,全国,1992000606,1992年6月,,***,,***,,***,,***,,***,,***,,***,
1,金額,3,二人以上の世帯（2000年〜）,0,全国,1992000505,1992年5月,,***,,***,,***,,***,,***,,***,,***,
1,金額,3,二人以上の世帯（2000年〜）,0,全国,1992000404,1992年4月,,***,,***,,***,,***,,***,,***,,***,
1,金額,3,二人以上の世帯（2000年〜）,0,全国,1992000303,1992年3月,,***,,***,,***,,***,,***,,***,,***,
1,金額,3,二人以上の世帯（2000年〜）,0,全国,1992000202,1992年2月,,***,,***,,***,,***,,***,,***,,***,
1,金額,3,二人以上の世帯（2000年〜）,0,全国,1992000101,1992年1月,,***,,***,,***,,***,,***,,***,,***,
1,金額,3,二人以上の世帯（2000年〜）,0,全国,1991001212,1991年12月,,***,,***,,***,,***,,***,,***,,***,
1,金額,3,二人以上の世帯（2000年〜）,0,全国,1991001111,1991年11月,,***,,***,,***,,***,,***,,***,,***,
1,金額,3,二人以上の世帯（2000年〜）,0,全国,1991001010,1991年10月,,***,,***,,***,,***,,***,,***,,***,
1,金額,3,二人以上の世帯（2000年〜）,0,全国,1991000909,1991年9月,,***,,***,,***,,***,,***,,***,,***,
1,金額,3,二人以上の世帯（2000年〜）,0,全国,1991000808,1991年8月,,***,,***,,***,,***,,***,,***,,***,
1,金額,3,二人以上の世帯（2000年〜）,0,全国,1991000707,1991年7月,,***,,***,,***,,***,,***,,***,,***,
1,金額,3,二人以上の世帯（2000年〜）,0,全国,1991000606,1991年6月,,***,,***,,***,,***,,***,,***,,***,
1,金額,3,二人以上の世帯（2000年〜）,0,全国,1991000505,1991年5月,,***,,***,,***,,***,,***,,***,,***,
1,金額,3,二人以上の世帯（2000年〜）,0,全国,1991000404,1991年4月,,***,,***,,***,,***,,***,,***,,***,
1,金額,3,二人以上の世帯（2000年〜）,0,全国,1991000303,1991年3月,,***,,***,,***,,***,,***,,***,,***,
1,金額,3,二人以上の世帯（2000年〜）,0,全国,1991000202,1991年2月,,***,,***,,***,,***,,***,,***,,***,
1,金額,3,二人以上の世帯（2000年〜）,0,全国,1991000101,1991年1月,,***,,***,,***,,***,,***,,***,,***,
1,金額,3,二人以上の世帯（2000年〜）,0,全国,1990001212,1990年12月,,***,,***,,***,,***,,***,,***,,***,
1,金額,3,二人以上の世帯（2000年〜）,0,全国,1990001111,1990年11月,,***,,***,,***,,***,,***,,***,,***,
1,金額,3,二人以上の世帯（2000年〜）,0,全国,1990001010,1990年10月,,***,,***,,***,,***,,***,,***,,***,
1,金額,3,二人以上の世帯（2000年〜）,0,全国,1990000909,1990年9月,,***,,***,,***,,***,,***,,***,,***,
1,金額,3,二人以上の世帯（2000年〜）,0,全国,1990000808,1990年8月,,***,,***,,***,,***,,***,,***,,***,
1,金額,3,二人以上の世帯（2000年〜）,0,全国,1990000707,1990年7月,,***,,***,,***,,***,,***,,***,,***,
1,金額,3,二人以上の世帯（2000年〜）,0,全国,1990000606,1990年6月,,***,,***,,***,,***,,***,,***,,***,
1,金額,3,二人以上の世帯（2000年〜）,0,全国,1990000505,1990年5月,,***,,***,,***,,***,,***,,***,,***,
1,金額,3,二人以上の世帯（2000年〜）,0,全国,1990000404,1990年4月,,***,,***,,***,,***,,***,,***,,***,
1,金額,3,二人以上の世帯（2000年〜）,0,全国,1990000303,1990年3月,,***,,***,,***,,***,,***,,***,,***,
1,金額,3,二人以上の世帯（2000年〜）,0,全国,1990000202,1990年2月,,***,,***,,***,,***,,***,,***,,***,
1,金額,3,二人以上の世帯（2000年〜）,0,全国,1990000101,1990年1月,,***,,***,,***,,***,,***,,***,,***,
1,金額,3,二人以上の世帯（2000年〜）,0,全国,1989001212,1989年12月,,***,,***,,***,,***,,***,,***,,***,
1,金額,3,二人以上の世帯（2000年〜）,0,全国,1989001111,1989年11月,,***,,***,,***,,***,,***,,***,,***,
1,金額,3,二人以上の世帯（2000年〜）,0,全国,1989001010,1989年10月,,***,,***,,***,,***,,***,,***,,***,
1,金額,3,二人以上の世帯（2000年〜）,0,全国,1989000909,1989年9月,,***,,***,,***,,***,,***,,***,,***,
1,金額,3,二人以上の世帯（2000年〜）,0,全国,1989000808,1989年8月,,***,,***,,***,,***,,***,,***,,***,
1,金額,3,二人以上の世帯（2000年〜）,0,全国,1989000707,1989年7月,,***,,***,,***,,***,,***,,***,,***,
1,金額,3,二人以上の世帯（2000年〜）,0,全国,1989000606,1989年6月,,***,,***,,***,,***,,***,,***,,***,
1,金額,3,二人以上の世帯（2000年〜）,0,全国,1989000505,1989年5月,,***,,***,,***,,***,,***,,***,,***,
1,金額,3,二人以上の世帯（2000年〜）,0,全国,1989000404,1989年4月,,***,,***,,***,,***,,***,,***,,***,
1,金額,3,二人以上の世帯（2000年〜）,0,全国,1989000303,1989年3月,,***,,***,,***,,***,,***,,***,,***,
1,金額,3,二人以上の世帯（2000年〜）,0,全国,1989000202,1989年2月,,***,,***,,***,,***,,***,,***,,***,
1,金額,3,二人以上の世帯（2000年〜）,0,全国,1989000101,1989年1月,,***,,***,,***,,***,,***,,***,,***,
1,金額,3,二人以上の世帯（2000年〜）,0,全国,1988001212,1988年12月,,***,,***,,***,,***,,***,,***,,***,
1,金額,3,二人以上の世帯（2000年〜）,0,全国,1988001111,1988年11月,,***,,***,,***,,***,,***,,***,,***,
1,金額,3,二人以上の世帯（2000年〜）,0,全国,1988001010,1988年10月,,***,,***,,***,,***,,***,,***,,***,
1,金額,3,二人以上の世帯（2000年〜）,0,全国,1988000909,1988年9月,,***,,***,,***,,***,,***,,***,,***,
1,金額,3,二人以上の世帯（2000年〜）,0,全国,1988000808,1988年8月,,***,,***,,***,,***,,***,,***,,***,
1,金額,3,二人以上の世帯（2000年〜）,0,全国,1988000707,1988年7月,,***,,***,,***,,***,,***,,***,,***,
1,金額,3,二人以上の世帯（2000年〜）,0,全国,1988000606,1988年6月,,***,,***,,***,,***,,***,,***,,***,
1,金額,3,二人以上の世帯（2000年〜）,0,全国,1988000505,1988年5月,,***,,***,,***,,***,,***,,***,,***,
1,金額,3,二人以上の世帯（2000年〜）,0,全国,1988000404,1988年4月,,***,,***,,***,,***,,***,,***,,***,
1,金額,3,二人以上の世帯（2000年〜）,0,全国,1988000303,1988年3月,,***,,***,,***,,***,,***,,***,,***,
1,金額,3,二人以上の世帯（2000年〜）,0,全国,1988000202,1988年2月,,***,,***,,***,,***,,***,,***,,***,
1,金額,3,二人以上の世帯（2000年〜）,0,全国,1988000101,1988年1月,,***,,***,,***,,***,,***,,***,,***,
1,金額,3,二人以上の世帯（2000年〜）,0,全国,1987001212,1987年12月,,***,,***,,***,,***,,***,,***,,***,
1,金額,3,二人以上の世帯（2000年〜）,0,全国,1987001111,1987年11月,,***,,***,,***,,***,,***,,***,,***,
1,金額,3,二人以上の世帯（2000年〜）,0,全国,1987001010,1987年10月,,***,,***,,***,,***,,***,,***,,***,
1,金額,3,二人以上の世帯（2000年〜）,0,全国,1987000909,1987年9月,,***,,***,,***,,***,,***,,***,,***,
1,金額,3,二人以上の世帯（2000年〜）,0,全国,1987000808,1987年8月,,***,,***,,***,,***,,***,,***,,***,
1,金額,3,二人以上の世帯（2000年〜）,0,全国,1987000707,1987年7月,,***,,***,,***,,***,,***,,***,,***,
1,金額,3,二人以上の世帯（2000年〜）,0,全国,1987000606,1987年6月,,***,,***,,***,,***,,***,,***,,***,
1,金額,3,二人以上の世帯（2000年〜）,0,全国,1987000505,1987年5月,,***,,***,,***,,***,,***,,***,,***,
1,金額,3,二人以上の世帯（2000年〜）,0,全国,1987000404,1987年4月,,***,,***,,***,,***,,***,,***,,***,
1,金額,3,二人以上の世帯（2000年〜）,0,全国,1987000303,1987年3月,,***,,***,,***,,***,,***,,***,,***,
1,金額,3,二人以上の世帯（2000年〜）,0,全国,1987000202,1987年2月,,***,,***,,***,,***,,***,,***,,***,
1,金額,3,二人以上の世帯（2000年〜）,0,全国,1987000101,1987年1月,,***,,***,,***,,***,,***,,***,,***,
1,金額,3,二人以上の世帯（2000年〜）,0,全国,1986001212,1986年12月,,***,,***,,***,,***,,***,,***,,***,
1,金額,3,二人以上の世帯（2000年〜）,0,全国,1986001111,1986年11月,,***,,***,,***,,***,,***,,***,,***,
1,金額,3,二人以上の世帯（2000年〜）,0,全国,1986001010,1986年10月,,***,,***,,***,,***,,***,,***,,***,
1,金額,3,二人以上の世帯（2000年〜）,0,全国,1986000909,1986年9月,,***,,***,,***,,***,,***,,***,,***,
1,金額,3,二人以上の世帯（2000年〜）,0,全国,1986000808,1986年8月,,***,,***,,***,,***,,***,,***,,***,
1,金額,3,二人以上の世帯（2000年〜）,0,全国,1986000707,1986年7月,,***,,***,,***,,***,,***,,***,,***,
1,金額,3,二人以上の世帯（2000年〜）,0,全国,1986000606,1986年6月,,***,,***,,***,,***,,***,,***,,***,
1,金額,3,二人以上の世帯（2000年〜）,0,全国,1986000505,1986年5月,,***,,***,,***,,***,,***,,***,,***,
1,金額,3,二人以上の世帯（2000年〜）,0,全国,1986000404,1986年4月,,***,,***,,***,,***,,***,,***,,***,
1,金額,3,二人以上の世帯（2000年〜）,0,全国,1986000303,1986年3月,,***,,***,,***,,***,,***,,***,,***,
1,金額,3,二人以上の世帯（2000年〜）,0,全国,1986000202,1986年2月,,***,,***,,***,,***,,***,,***,,***,
1,金額,3,二人以上の世帯（2000年〜）,0,全国,1986000101,1986年1月,,***,,***,,***,,***,,***,,***,,***,
1,金額,3,二人以上の世帯（2000年〜）,0,全国,1985001212,1985年12月,,***,,***,,***,,***,,***,,***,,***,
1,金額,3,二人以上の世帯（2000年〜）,0,全国,1985001111,1985年11月,,***,,***,,***,,***,,***,,***,,***,
1,金額,3,二人以上の世帯（2000年〜）,0,全国,1985001010,1985年10月,,***,,***,,***,,***,,***,,***,,***,
1,金額,3,二人以上の世帯（2000年〜）,0,全国,1985000909,1985年9月,,***,,***,,***,,***,,***,,***,,***,
1,金額,3,二人以上の世帯（2000年〜）,0,全国,1985000808,1985年8月,,***,,***,,***,,***,,***,,***,,***,
1,金額,3,二人以上の世帯（2000年〜）,0,全国,1985000707,1985年7月,,***,,***,,***,,***,,***,,***,,***,
1,金額,3,二人以上の世帯（2000年〜）,0,全国,1985000606,1985年6月,,***,,***,,***,,***,,***,,***,,***,
1,金額,3,二人以上の世帯（2000年〜）,0,全国,1985000505,1985年5月,,***,,***,,***,,***,,***,,***,,***,
1,金額,3,二人以上の世帯（2000年〜）,0,全国,1985000404,1985年4月,,***,,***,,***,,***,,***,,***,,***,
1,金額,3,二人以上の世帯（2000年〜）,0,全国,1985000303,1985年3月,,***,,***,,***,,***,,***,,***,,***,
1,金額,3,二人以上の世帯（2000年〜）,0,全国,1985000202,1985年2月,,***,,***,,***,,***,,***,,***,,***,
1,金額,3,二人以上の世帯（2000年〜）,0,全国,1985000101,1985年1月,,***,,***,,***,,***,,***,,***,,***,
